{"bmi_mae": 6.364093796510961, "bmi_cor": 0.2145995676392931, "age_mae": 6.5502032463595, "sex_auc": 0.9978928884986831, "model": "vgg16"}