{"bmi_mae": 3.961100818355792, "bmi_cor": 0.43962495642351124, "age_mae": 4.434318115992576, "sex_auc": 0.9974246414983904, "model": "vgg16_seqMT"}